email,senha
agilizza_master@agilizza.com,$887eP-v<Z:QqpyW
test.agilizza.01@sittax.com.br,Sittax123.
test.agilizza.02@sittax.com.br,Sittax123.
test.agilizza.03@sittax.com.br,Sittax123.
test.agilizza.04@sittax.com.br,Sittax123.
test.agilizza.05@sittax.com.br,Sittax123.
test.agilizza.06@sittax.com.br,Sittax123.
test.agilizza.07@sittax.com.br,Sittax123.
test.agilizza.08@sittax.com.br,Sittax123.
test.agilizza.09@sittax.com.br,Sittax123.
test.agilizza.10@sittax.com.br,Sittax123.
test.agilizza.11@sittax.com.br,Sittax123.
test.agilizza.12@sittax.com.br,Sittax123.
test.agilizza.13@sittax.com.br,Sittax123.
test.agilizza.14@sittax.com.br,Sittax123.
test.agilizza.15@sittax.com.br,Sittax123.
test.agilizza.16@sittax.com.br,Sittax123.
test.agilizza.17@sittax.com.br,Sittax123.
test.agilizza.18@sittax.com.br,Sittax123.
test.agilizza.19@sittax.com.br,Sittax123.
test.agilizza.20@sittax.com.br,Sittax123.
test.agilizza.21@sittax.com.br,Sittax123.
test.agilizza.22@sittax.com.br,Sittax123.
test.agilizza.23@sittax.com.br,Sittax123.
test.agilizza.24@sittax.com.br,Sittax123.
test.agilizza.25@sittax.com.br,Sittax123.
test.agilizza.26@sittax.com.br,Sittax123.
test.agilizza.27@sittax.com.br,Sittax123.
test.agilizza.28@sittax.com.br,Sittax123.
test.agilizza.29@sittax.com.br,Sittax123.
test.agilizza.30@sittax.com.br,Sittax123.
test.agilizza.31@sittax.com.br,Sittax123.
test.agilizza.32@sittax.com.br,Sittax123.
test.agilizza.33@sittax.com.br,Sittax123.
test.agilizza.34@sittax.com.br,Sittax123.
test.agilizza.35@sittax.com.br,Sittax123.
test.agilizza.36@sittax.com.br,Sittax123.
test.agilizza.37@sittax.com.br,Sittax123.
test.agilizza.38@sittax.com.br,Sittax123.
test.agilizza.39@sittax.com.br,Sittax123.
test.agilizza.40@sittax.com.br,Sittax123.
test.agilizza.41@sittax.com.br,Sittax123.
test.agilizza.42@sittax.com.br,Sittax123.
test.agilizza.43@sittax.com.br,Sittax123.
test.agilizza.44@sittax.com.br,Sittax123.
test.agilizza.45@sittax.com.br,Sittax123.
test.agilizza.46@sittax.com.br,Sittax123.
test.agilizza.47@sittax.com.br,Sittax123.
test.agilizza.48@sittax.com.br,Sittax123.
test.agilizza.49@sittax.com.br,Sittax123.
test.agilizza.50@sittax.com.br,Sittax123.
test.agilizza.51@sittax.com.br,Sittax123.
test.agilizza.52@sittax.com.br,Sittax123.
test.agilizza.53@sittax.com.br,Sittax123.
test.agilizza.54@sittax.com.br,Sittax123.
test.agilizza.55@sittax.com.br,Sittax123.
test.agilizza.56@sittax.com.br,Sittax123.
test.agilizza.57@sittax.com.br,Sittax123.
test.agilizza.58@sittax.com.br,Sittax123.
test.agilizza.59@sittax.com.br,Sittax123.
test.agilizza.60@sittax.com.br,Sittax123.
test.agilizza.61@sittax.com.br,Sittax123.
test.agilizza.62@sittax.com.br,Sittax123.
test.agilizza.63@sittax.com.br,Sittax123.
test.agilizza.64@sittax.com.br,Sittax123.
test.agilizza.65@sittax.com.br,Sittax123.
test.agilizza.66@sittax.com.br,Sittax123.
test.agilizza.67@sittax.com.br,Sittax123.
test.agilizza.68@sittax.com.br,Sittax123.
test.agilizza.69@sittax.com.br,Sittax123.
test.agilizza.70@sittax.com.br,Sittax123.
test.agilizza.71@sittax.com.br,Sittax123.
test.agilizza.72@sittax.com.br,Sittax123.
test.agilizza.73@sittax.com.br,Sittax123.
test.agilizza.74@sittax.com.br,Sittax123.
test.agilizza.75@sittax.com.br,Sittax123.
test.agilizza.76@sittax.com.br,Sittax123.
test.agilizza.77@sittax.com.br,Sittax123.
test.agilizza.78@sittax.com.br,Sittax123.
test.agilizza.79@sittax.com.br,Sittax123.
test.agilizza.80@sittax.com.br,Sittax123.
test.agilizza.81@sittax.com.br,Sittax123.
test.agilizza.82@sittax.com.br,Sittax123.
test.agilizza.83@sittax.com.br,Sittax123.
test.agilizza.84@sittax.com.br,Sittax123.
test.agilizza.85@sittax.com.br,Sittax123.
test.agilizza.86@sittax.com.br,Sittax123.
test.agilizza.87@sittax.com.br,Sittax123.
test.agilizza.88@sittax.com.br,Sittax123.
test.agilizza.89@sittax.com.br,Sittax123.
test.agilizza.90@sittax.com.br,Sittax123.
test.agilizza.91@sittax.com.br,Sittax123.
test.agilizza.92@sittax.com.br,Sittax123.
test.agilizza.93@sittax.com.br,Sittax123.
test.agilizza.94@sittax.com.br,Sittax123.
test.agilizza.95@sittax.com.br,Sittax123.
test.agilizza.96@sittax.com.br,Sittax123.
test.agilizza.97@sittax.com.br,Sittax123.
test.agilizza.98@sittax.com.br,Sittax123.
test.agilizza.99@sittax.com.br,Sittax123.
test.agilizza.100@sittax.com.br,Sittax123.
test.agilizza.101@sittax.com.br,Sittax123.
test.agilizza.102@sittax.com.br,Sittax123.
test.agilizza.103@sittax.com.br,Sittax123.
test.agilizza.104@sittax.com.br,Sittax123.
test.agilizza.105@sittax.com.br,Sittax123.
test.agilizza.106@sittax.com.br,Sittax123.
test.agilizza.107@sittax.com.br,Sittax123.
test.agilizza.108@sittax.com.br,Sittax123.
test.agilizza.109@sittax.com.br,Sittax123.
test.agilizza.110@sittax.com.br,Sittax123.
test.agilizza.111@sittax.com.br,Sittax123.
test.agilizza.112@sittax.com.br,Sittax123.
test.agilizza.113@sittax.com.br,Sittax123.
test.agilizza.114@sittax.com.br,Sittax123.
test.agilizza.115@sittax.com.br,Sittax123.
test.agilizza.116@sittax.com.br,Sittax123.
test.agilizza.117@sittax.com.br,Sittax123.
test.agilizza.118@sittax.com.br,Sittax123.
test.agilizza.119@sittax.com.br,Sittax123.
test.agilizza.120@sittax.com.br,Sittax123.
test.agilizza.121@sittax.com.br,Sittax123.
test.agilizza.122@sittax.com.br,Sittax123.
test.agilizza.123@sittax.com.br,Sittax123.
test.agilizza.124@sittax.com.br,Sittax123.
test.agilizza.125@sittax.com.br,Sittax123.
test.agilizza.126@sittax.com.br,Sittax123.
test.agilizza.127@sittax.com.br,Sittax123.
test.agilizza.128@sittax.com.br,Sittax123.
test.agilizza.129@sittax.com.br,Sittax123.
test.agilizza.130@sittax.com.br,Sittax123.
test.agilizza.131@sittax.com.br,Sittax123.
test.agilizza.132@sittax.com.br,Sittax123.
test.agilizza.133@sittax.com.br,Sittax123.
test.agilizza.134@sittax.com.br,Sittax123.
test.agilizza.135@sittax.com.br,Sittax123.
test.agilizza.136@sittax.com.br,Sittax123.
test.agilizza.137@sittax.com.br,Sittax123.
test.agilizza.138@sittax.com.br,Sittax123.
test.agilizza.139@sittax.com.br,Sittax123.
test.agilizza.140@sittax.com.br,Sittax123.
test.agilizza.141@sittax.com.br,Sittax123.
test.agilizza.142@sittax.com.br,Sittax123.
test.agilizza.143@sittax.com.br,Sittax123.
test.agilizza.144@sittax.com.br,Sittax123.
test.agilizza.145@sittax.com.br,Sittax123.
test.agilizza.146@sittax.com.br,Sittax123.
test.agilizza.147@sittax.com.br,Sittax123.
test.agilizza.148@sittax.com.br,Sittax123.
test.agilizza.149@sittax.com.br,Sittax123.
test.agilizza.150@sittax.com.br,Sittax123.
test.agilizza.151@sittax.com.br,Sittax123.
test.agilizza.152@sittax.com.br,Sittax123.
test.agilizza.153@sittax.com.br,Sittax123.
test.agilizza.154@sittax.com.br,Sittax123.
test.agilizza.155@sittax.com.br,Sittax123.
test.agilizza.156@sittax.com.br,Sittax123.
test.agilizza.157@sittax.com.br,Sittax123.
test.agilizza.158@sittax.com.br,Sittax123.
test.agilizza.159@sittax.com.br,Sittax123.
test.agilizza.160@sittax.com.br,Sittax123.
test.agilizza.161@sittax.com.br,Sittax123.
test.agilizza.162@sittax.com.br,Sittax123.
test.agilizza.163@sittax.com.br,Sittax123.
test.agilizza.164@sittax.com.br,Sittax123.
test.agilizza.165@sittax.com.br,Sittax123.
test.agilizza.166@sittax.com.br,Sittax123.
test.agilizza.167@sittax.com.br,Sittax123.
test.agilizza.168@sittax.com.br,Sittax123.
test.agilizza.169@sittax.com.br,Sittax123.
test.agilizza.170@sittax.com.br,Sittax123.
test.agilizza.171@sittax.com.br,Sittax123.
test.agilizza.172@sittax.com.br,Sittax123.
test.agilizza.173@sittax.com.br,Sittax123.
test.agilizza.174@sittax.com.br,Sittax123.
test.agilizza.175@sittax.com.br,Sittax123.
test.agilizza.176@sittax.com.br,Sittax123.
test.agilizza.177@sittax.com.br,Sittax123.
test.agilizza.178@sittax.com.br,Sittax123.
test.agilizza.179@sittax.com.br,Sittax123.
test.agilizza.180@sittax.com.br,Sittax123.
test.agilizza.181@sittax.com.br,Sittax123.
test.agilizza.182@sittax.com.br,Sittax123.
test.agilizza.183@sittax.com.br,Sittax123.
test.agilizza.184@sittax.com.br,Sittax123.
test.agilizza.185@sittax.com.br,Sittax123.
test.agilizza.186@sittax.com.br,Sittax123.
test.agilizza.187@sittax.com.br,Sittax123.
test.agilizza.188@sittax.com.br,Sittax123.
test.agilizza.189@sittax.com.br,Sittax123.
test.agilizza.190@sittax.com.br,Sittax123.
test.agilizza.191@sittax.com.br,Sittax123.
test.agilizza.192@sittax.com.br,Sittax123.
test.agilizza.193@sittax.com.br,Sittax123.
test.agilizza.194@sittax.com.br,Sittax123.
test.agilizza.195@sittax.com.br,Sittax123.
test.agilizza.196@sittax.com.br,Sittax123.
test.agilizza.197@sittax.com.br,Sittax123.
test.agilizza.198@sittax.com.br,Sittax123.
test.agilizza.199@sittax.com.br,Sittax123.
test.agilizza.200@sittax.com.br,Sittax123.
test.agilizza.201@sittax.com.br,Sittax123.
test.agilizza.202@sittax.com.br,Sittax123.
test.agilizza.203@sittax.com.br,Sittax123.
test.agilizza.204@sittax.com.br,Sittax123.
test.agilizza.205@sittax.com.br,Sittax123.
test.agilizza.206@sittax.com.br,Sittax123.
test.agilizza.207@sittax.com.br,Sittax123.
test.agilizza.208@sittax.com.br,Sittax123.
test.agilizza.209@sittax.com.br,Sittax123.
test.agilizza.210@sittax.com.br,Sittax123.
test.agilizza.211@sittax.com.br,Sittax123.
test.agilizza.212@sittax.com.br,Sittax123.
test.agilizza.213@sittax.com.br,Sittax123.
test.agilizza.214@sittax.com.br,Sittax123.
test.agilizza.215@sittax.com.br,Sittax123.
test.agilizza.216@sittax.com.br,Sittax123.
test.agilizza.217@sittax.com.br,Sittax123.
test.agilizza.218@sittax.com.br,Sittax123.
test.agilizza.219@sittax.com.br,Sittax123.
test.agilizza.220@sittax.com.br,Sittax123.
test.agilizza.221@sittax.com.br,Sittax123.
test.agilizza.222@sittax.com.br,Sittax123.
test.agilizza.223@sittax.com.br,Sittax123.
test.agilizza.224@sittax.com.br,Sittax123.
test.agilizza.225@sittax.com.br,Sittax123.
test.agilizza.226@sittax.com.br,Sittax123.
test.agilizza.227@sittax.com.br,Sittax123.
test.agilizza.228@sittax.com.br,Sittax123.
test.agilizza.229@sittax.com.br,Sittax123.
test.agilizza.230@sittax.com.br,Sittax123.
test.agilizza.231@sittax.com.br,Sittax123.
test.agilizza.232@sittax.com.br,Sittax123.
test.agilizza.233@sittax.com.br,Sittax123.
test.agilizza.234@sittax.com.br,Sittax123.
test.agilizza.235@sittax.com.br,Sittax123.
test.agilizza.236@sittax.com.br,Sittax123.
test.agilizza.237@sittax.com.br,Sittax123.
test.agilizza.238@sittax.com.br,Sittax123.
test.agilizza.239@sittax.com.br,Sittax123.
test.agilizza.240@sittax.com.br,Sittax123.
test.agilizza.241@sittax.com.br,Sittax123.
test.agilizza.242@sittax.com.br,Sittax123.
test.agilizza.243@sittax.com.br,Sittax123.
test.agilizza.244@sittax.com.br,Sittax123.
test.agilizza.245@sittax.com.br,Sittax123.
test.agilizza.246@sittax.com.br,Sittax123.
test.agilizza.247@sittax.com.br,Sittax123.
test.agilizza.248@sittax.com.br,Sittax123.
test.agilizza.249@sittax.com.br,Sittax123.
test.agilizza.250@sittax.com.br,Sittax123.
test.agilizza.251@sittax.com.br,Sittax123.
test.agilizza.252@sittax.com.br,Sittax123.
test.agilizza.253@sittax.com.br,Sittax123.
test.agilizza.254@sittax.com.br,Sittax123.
test.agilizza.255@sittax.com.br,Sittax123.
test.agilizza.256@sittax.com.br,Sittax123.
test.agilizza.257@sittax.com.br,Sittax123.
test.agilizza.258@sittax.com.br,Sittax123.
test.agilizza.259@sittax.com.br,Sittax123.
test.agilizza.260@sittax.com.br,Sittax123.
test.agilizza.261@sittax.com.br,Sittax123.
test.agilizza.262@sittax.com.br,Sittax123.
test.agilizza.263@sittax.com.br,Sittax123.
test.agilizza.264@sittax.com.br,Sittax123.
test.agilizza.265@sittax.com.br,Sittax123.
test.agilizza.266@sittax.com.br,Sittax123.
test.agilizza.267@sittax.com.br,Sittax123.
test.agilizza.268@sittax.com.br,Sittax123.
test.agilizza.269@sittax.com.br,Sittax123.
test.agilizza.270@sittax.com.br,Sittax123.
test.agilizza.271@sittax.com.br,Sittax123.
test.agilizza.272@sittax.com.br,Sittax123.
test.agilizza.273@sittax.com.br,Sittax123.
test.agilizza.274@sittax.com.br,Sittax123.
test.agilizza.275@sittax.com.br,Sittax123.
test.agilizza.276@sittax.com.br,Sittax123.
test.agilizza.277@sittax.com.br,Sittax123.
test.agilizza.278@sittax.com.br,Sittax123.
test.agilizza.279@sittax.com.br,Sittax123.
test.agilizza.280@sittax.com.br,Sittax123.
test.agilizza.281@sittax.com.br,Sittax123.
test.agilizza.282@sittax.com.br,Sittax123.
test.agilizza.283@sittax.com.br,Sittax123.
test.agilizza.284@sittax.com.br,Sittax123.
test.agilizza.285@sittax.com.br,Sittax123.
test.agilizza.286@sittax.com.br,Sittax123.
test.agilizza.287@sittax.com.br,Sittax123.
test.agilizza.288@sittax.com.br,Sittax123.
test.agilizza.289@sittax.com.br,Sittax123.
test.agilizza.290@sittax.com.br,Sittax123.
test.agilizza.291@sittax.com.br,Sittax123.
test.agilizza.292@sittax.com.br,Sittax123.
test.agilizza.293@sittax.com.br,Sittax123.
test.agilizza.294@sittax.com.br,Sittax123.
test.agilizza.295@sittax.com.br,Sittax123.
test.agilizza.296@sittax.com.br,Sittax123.
test.agilizza.297@sittax.com.br,Sittax123.
test.agilizza.298@sittax.com.br,Sittax123.
test.agilizza.299@sittax.com.br,Sittax123.
test.agilizza.300@sittax.com.br,Sittax123.
test.agilizza.301@sittax.com.br,Sittax123.
test.agilizza.302@sittax.com.br,Sittax123.
test.agilizza.303@sittax.com.br,Sittax123.
test.agilizza.304@sittax.com.br,Sittax123.
test.agilizza.305@sittax.com.br,Sittax123.
test.agilizza.306@sittax.com.br,Sittax123.
test.agilizza.307@sittax.com.br,Sittax123.
test.agilizza.308@sittax.com.br,Sittax123.
test.agilizza.309@sittax.com.br,Sittax123.
test.agilizza.310@sittax.com.br,Sittax123.
test.agilizza.311@sittax.com.br,Sittax123.
test.agilizza.312@sittax.com.br,Sittax123.
test.agilizza.313@sittax.com.br,Sittax123.
test.agilizza.314@sittax.com.br,Sittax123.
test.agilizza.315@sittax.com.br,Sittax123.
test.agilizza.316@sittax.com.br,Sittax123.
test.agilizza.317@sittax.com.br,Sittax123.
test.agilizza.318@sittax.com.br,Sittax123.
test.agilizza.319@sittax.com.br,Sittax123.
test.agilizza.320@sittax.com.br,Sittax123.
test.agilizza.321@sittax.com.br,Sittax123.
test.agilizza.322@sittax.com.br,Sittax123.
test.agilizza.323@sittax.com.br,Sittax123.
test.agilizza.324@sittax.com.br,Sittax123.
test.agilizza.325@sittax.com.br,Sittax123.
test.agilizza.326@sittax.com.br,Sittax123.
test.agilizza.327@sittax.com.br,Sittax123.
test.agilizza.328@sittax.com.br,Sittax123.
test.agilizza.329@sittax.com.br,Sittax123.
test.agilizza.330@sittax.com.br,Sittax123.
test.agilizza.331@sittax.com.br,Sittax123.
test.agilizza.332@sittax.com.br,Sittax123.
test.agilizza.333@sittax.com.br,Sittax123.
test.agilizza.334@sittax.com.br,Sittax123.
test.agilizza.335@sittax.com.br,Sittax123.
test.agilizza.336@sittax.com.br,Sittax123.
test.agilizza.337@sittax.com.br,Sittax123.
test.agilizza.338@sittax.com.br,Sittax123.
test.agilizza.339@sittax.com.br,Sittax123.
test.agilizza.340@sittax.com.br,Sittax123.
test.agilizza.341@sittax.com.br,Sittax123.
test.agilizza.342@sittax.com.br,Sittax123.
test.agilizza.343@sittax.com.br,Sittax123.
test.agilizza.344@sittax.com.br,Sittax123.
test.agilizza.345@sittax.com.br,Sittax123.
test.agilizza.346@sittax.com.br,Sittax123.
test.agilizza.347@sittax.com.br,Sittax123.
test.agilizza.348@sittax.com.br,Sittax123.
test.agilizza.349@sittax.com.br,Sittax123.
test.agilizza.350@sittax.com.br,Sittax123.
test.agilizza.351@sittax.com.br,Sittax123.
test.agilizza.352@sittax.com.br,Sittax123.
test.agilizza.353@sittax.com.br,Sittax123.
test.agilizza.354@sittax.com.br,Sittax123.
test.agilizza.355@sittax.com.br,Sittax123.
test.agilizza.356@sittax.com.br,Sittax123.
test.agilizza.357@sittax.com.br,Sittax123.
test.agilizza.358@sittax.com.br,Sittax123.
test.agilizza.359@sittax.com.br,Sittax123.
test.agilizza.360@sittax.com.br,Sittax123.
test.agilizza.361@sittax.com.br,Sittax123.
test.agilizza.362@sittax.com.br,Sittax123.
test.agilizza.363@sittax.com.br,Sittax123.
test.agilizza.364@sittax.com.br,Sittax123.
test.agilizza.365@sittax.com.br,Sittax123.
test.agilizza.366@sittax.com.br,Sittax123.
test.agilizza.367@sittax.com.br,Sittax123.
test.agilizza.368@sittax.com.br,Sittax123.
test.agilizza.369@sittax.com.br,Sittax123.
test.agilizza.370@sittax.com.br,Sittax123.
test.agilizza.371@sittax.com.br,Sittax123.
test.agilizza.372@sittax.com.br,Sittax123.
test.agilizza.373@sittax.com.br,Sittax123.
test.agilizza.374@sittax.com.br,Sittax123.
test.agilizza.375@sittax.com.br,Sittax123.
test.agilizza.376@sittax.com.br,Sittax123.
test.agilizza.377@sittax.com.br,Sittax123.
test.agilizza.378@sittax.com.br,Sittax123.
test.agilizza.379@sittax.com.br,Sittax123.
test.agilizza.380@sittax.com.br,Sittax123.
test.agilizza.381@sittax.com.br,Sittax123.
test.agilizza.382@sittax.com.br,Sittax123.
test.agilizza.383@sittax.com.br,Sittax123.
test.agilizza.384@sittax.com.br,Sittax123.
test.agilizza.385@sittax.com.br,Sittax123.
test.agilizza.386@sittax.com.br,Sittax123.
test.agilizza.387@sittax.com.br,Sittax123.
test.agilizza.388@sittax.com.br,Sittax123.
test.agilizza.389@sittax.com.br,Sittax123.
test.agilizza.390@sittax.com.br,Sittax123.
test.agilizza.391@sittax.com.br,Sittax123.
test.agilizza.392@sittax.com.br,Sittax123.
test.agilizza.393@sittax.com.br,Sittax123.
test.agilizza.394@sittax.com.br,Sittax123.
test.agilizza.395@sittax.com.br,Sittax123.
test.agilizza.396@sittax.com.br,Sittax123.
test.agilizza.397@sittax.com.br,Sittax123.
test.agilizza.398@sittax.com.br,Sittax123.
test.agilizza.399@sittax.com.br,Sittax123.
test.agilizza.400@sittax.com.br,Sittax123.
test.agilizza.401@sittax.com.br,Sittax123.
test.agilizza.402@sittax.com.br,Sittax123.
test.agilizza.403@sittax.com.br,Sittax123.
test.agilizza.404@sittax.com.br,Sittax123.
test.agilizza.405@sittax.com.br,Sittax123.
test.agilizza.406@sittax.com.br,Sittax123.
test.agilizza.407@sittax.com.br,Sittax123.
test.agilizza.408@sittax.com.br,Sittax123.
test.agilizza.409@sittax.com.br,Sittax123.
test.agilizza.410@sittax.com.br,Sittax123.
test.agilizza.411@sittax.com.br,Sittax123.
test.agilizza.412@sittax.com.br,Sittax123.
test.agilizza.413@sittax.com.br,Sittax123.
test.agilizza.414@sittax.com.br,Sittax123.
test.agilizza.415@sittax.com.br,Sittax123.
test.agilizza.416@sittax.com.br,Sittax123.
test.agilizza.417@sittax.com.br,Sittax123.
test.agilizza.418@sittax.com.br,Sittax123.
test.agilizza.419@sittax.com.br,Sittax123.
test.agilizza.420@sittax.com.br,Sittax123.
test.agilizza.421@sittax.com.br,Sittax123.
test.agilizza.422@sittax.com.br,Sittax123.
test.agilizza.423@sittax.com.br,Sittax123.
test.agilizza.424@sittax.com.br,Sittax123.
test.agilizza.425@sittax.com.br,Sittax123.
test.agilizza.426@sittax.com.br,Sittax123.
test.agilizza.427@sittax.com.br,Sittax123.
test.agilizza.428@sittax.com.br,Sittax123.
test.agilizza.429@sittax.com.br,Sittax123.
test.agilizza.430@sittax.com.br,Sittax123.
test.agilizza.431@sittax.com.br,Sittax123.
test.agilizza.432@sittax.com.br,Sittax123.
test.agilizza.433@sittax.com.br,Sittax123.
test.agilizza.434@sittax.com.br,Sittax123.
test.agilizza.435@sittax.com.br,Sittax123.
test.agilizza.436@sittax.com.br,Sittax123.
test.agilizza.437@sittax.com.br,Sittax123.
test.agilizza.438@sittax.com.br,Sittax123.
test.agilizza.439@sittax.com.br,Sittax123.
test.agilizza.440@sittax.com.br,Sittax123.
test.agilizza.441@sittax.com.br,Sittax123.
test.agilizza.442@sittax.com.br,Sittax123.
test.agilizza.443@sittax.com.br,Sittax123.
test.agilizza.444@sittax.com.br,Sittax123.
test.agilizza.445@sittax.com.br,Sittax123.
test.agilizza.446@sittax.com.br,Sittax123.
test.agilizza.447@sittax.com.br,Sittax123.
test.agilizza.448@sittax.com.br,Sittax123.
test.agilizza.449@sittax.com.br,Sittax123.
test.agilizza.450@sittax.com.br,Sittax123.
test.agilizza.451@sittax.com.br,Sittax123.
test.agilizza.452@sittax.com.br,Sittax123.
test.agilizza.453@sittax.com.br,Sittax123.
test.agilizza.454@sittax.com.br,Sittax123.
test.agilizza.455@sittax.com.br,Sittax123.
test.agilizza.456@sittax.com.br,Sittax123.
test.agilizza.457@sittax.com.br,Sittax123.
test.agilizza.458@sittax.com.br,Sittax123.
test.agilizza.459@sittax.com.br,Sittax123.
test.agilizza.460@sittax.com.br,Sittax123.
test.agilizza.461@sittax.com.br,Sittax123.
test.agilizza.462@sittax.com.br,Sittax123.
test.agilizza.463@sittax.com.br,Sittax123.
test.agilizza.464@sittax.com.br,Sittax123.
test.agilizza.465@sittax.com.br,Sittax123.
test.agilizza.466@sittax.com.br,Sittax123.
test.agilizza.467@sittax.com.br,Sittax123.
test.agilizza.468@sittax.com.br,Sittax123.
test.agilizza.469@sittax.com.br,Sittax123.
test.agilizza.470@sittax.com.br,Sittax123.
test.agilizza.471@sittax.com.br,Sittax123.
test.agilizza.472@sittax.com.br,Sittax123.
test.agilizza.473@sittax.com.br,Sittax123.
test.agilizza.474@sittax.com.br,Sittax123.
test.agilizza.475@sittax.com.br,Sittax123.
test.agilizza.476@sittax.com.br,Sittax123.
test.agilizza.477@sittax.com.br,Sittax123.
test.agilizza.478@sittax.com.br,Sittax123.
test.agilizza.479@sittax.com.br,Sittax123.
test.agilizza.480@sittax.com.br,Sittax123.
test.agilizza.481@sittax.com.br,Sittax123.
test.agilizza.482@sittax.com.br,Sittax123.
test.agilizza.483@sittax.com.br,Sittax123.
test.agilizza.484@sittax.com.br,Sittax123.
test.agilizza.485@sittax.com.br,Sittax123.
test.agilizza.486@sittax.com.br,Sittax123.
test.agilizza.487@sittax.com.br,Sittax123.
test.agilizza.488@sittax.com.br,Sittax123.
test.agilizza.489@sittax.com.br,Sittax123.
test.agilizza.490@sittax.com.br,Sittax123.
test.agilizza.491@sittax.com.br,Sittax123.
test.agilizza.492@sittax.com.br,Sittax123.
test.agilizza.493@sittax.com.br,Sittax123.
test.agilizza.494@sittax.com.br,Sittax123.
test.agilizza.495@sittax.com.br,Sittax123.
test.agilizza.496@sittax.com.br,Sittax123.
test.agilizza.497@sittax.com.br,Sittax123.
test.agilizza.498@sittax.com.br,Sittax123.
test.agilizza.499@sittax.com.br,Sittax123.
test.agilizza.500@sittax.com.br,Sittax123.
test.agilizza.501@sittax.com.br,Sittax123.
test.agilizza.502@sittax.com.br,Sittax123.
test.agilizza.503@sittax.com.br,Sittax123.
test.agilizza.504@sittax.com.br,Sittax123.
test.agilizza.505@sittax.com.br,Sittax123.
test.agilizza.506@sittax.com.br,Sittax123.
test.agilizza.507@sittax.com.br,Sittax123.
test.agilizza.508@sittax.com.br,Sittax123.
test.agilizza.509@sittax.com.br,Sittax123.
test.agilizza.510@sittax.com.br,Sittax123.
test.agilizza.511@sittax.com.br,Sittax123.
test.agilizza.512@sittax.com.br,Sittax123.
test.agilizza.513@sittax.com.br,Sittax123.
test.agilizza.514@sittax.com.br,Sittax123.
test.agilizza.515@sittax.com.br,Sittax123.
test.agilizza.516@sittax.com.br,Sittax123.
test.agilizza.517@sittax.com.br,Sittax123.
test.agilizza.518@sittax.com.br,Sittax123.
test.agilizza.519@sittax.com.br,Sittax123.
test.agilizza.520@sittax.com.br,Sittax123.
test.agilizza.521@sittax.com.br,Sittax123.
test.agilizza.522@sittax.com.br,Sittax123.
test.agilizza.523@sittax.com.br,Sittax123.
test.agilizza.524@sittax.com.br,Sittax123.
test.agilizza.525@sittax.com.br,Sittax123.
test.agilizza.526@sittax.com.br,Sittax123.
test.agilizza.527@sittax.com.br,Sittax123.
test.agilizza.528@sittax.com.br,Sittax123.
test.agilizza.529@sittax.com.br,Sittax123.
test.agilizza.530@sittax.com.br,Sittax123.
test.agilizza.531@sittax.com.br,Sittax123.
test.agilizza.532@sittax.com.br,Sittax123.
test.agilizza.533@sittax.com.br,Sittax123.
test.agilizza.534@sittax.com.br,Sittax123.
test.agilizza.535@sittax.com.br,Sittax123.
test.agilizza.536@sittax.com.br,Sittax123.
test.agilizza.537@sittax.com.br,Sittax123.
test.agilizza.538@sittax.com.br,Sittax123.
test.agilizza.539@sittax.com.br,Sittax123.
test.agilizza.540@sittax.com.br,Sittax123.
test.agilizza.541@sittax.com.br,Sittax123.
test.agilizza.542@sittax.com.br,Sittax123.
test.agilizza.543@sittax.com.br,Sittax123.
test.agilizza.544@sittax.com.br,Sittax123.
test.agilizza.545@sittax.com.br,Sittax123.
test.agilizza.546@sittax.com.br,Sittax123.
test.agilizza.547@sittax.com.br,Sittax123.
test.agilizza.548@sittax.com.br,Sittax123.
test.agilizza.549@sittax.com.br,Sittax123.
test.agilizza.550@sittax.com.br,Sittax123.
test.agilizza.551@sittax.com.br,Sittax123.
test.agilizza.552@sittax.com.br,Sittax123.
test.agilizza.553@sittax.com.br,Sittax123.
test.agilizza.554@sittax.com.br,Sittax123.
test.agilizza.555@sittax.com.br,Sittax123.
test.agilizza.556@sittax.com.br,Sittax123.
test.agilizza.557@sittax.com.br,Sittax123.
test.agilizza.558@sittax.com.br,Sittax123.
test.agilizza.559@sittax.com.br,Sittax123.
test.agilizza.560@sittax.com.br,Sittax123.
test.agilizza.561@sittax.com.br,Sittax123.
test.agilizza.562@sittax.com.br,Sittax123.
test.agilizza.563@sittax.com.br,Sittax123.
test.agilizza.564@sittax.com.br,Sittax123.
test.agilizza.565@sittax.com.br,Sittax123.
test.agilizza.566@sittax.com.br,Sittax123.
test.agilizza.567@sittax.com.br,Sittax123.
test.agilizza.568@sittax.com.br,Sittax123.
test.agilizza.569@sittax.com.br,Sittax123.
test.agilizza.570@sittax.com.br,Sittax123.
test.agilizza.571@sittax.com.br,Sittax123.
test.agilizza.572@sittax.com.br,Sittax123.
test.agilizza.573@sittax.com.br,Sittax123.
test.agilizza.574@sittax.com.br,Sittax123.
test.agilizza.575@sittax.com.br,Sittax123.
test.agilizza.576@sittax.com.br,Sittax123.
test.agilizza.577@sittax.com.br,Sittax123.
test.agilizza.578@sittax.com.br,Sittax123.
test.agilizza.579@sittax.com.br,Sittax123.
test.agilizza.580@sittax.com.br,Sittax123.
test.agilizza.581@sittax.com.br,Sittax123.
test.agilizza.582@sittax.com.br,Sittax123.
test.agilizza.583@sittax.com.br,Sittax123.
test.agilizza.584@sittax.com.br,Sittax123.
test.agilizza.585@sittax.com.br,Sittax123.
test.agilizza.586@sittax.com.br,Sittax123.
test.agilizza.587@sittax.com.br,Sittax123.
test.agilizza.588@sittax.com.br,Sittax123.
test.agilizza.589@sittax.com.br,Sittax123.
test.agilizza.590@sittax.com.br,Sittax123.
test.agilizza.591@sittax.com.br,Sittax123.
test.agilizza.592@sittax.com.br,Sittax123.
test.agilizza.593@sittax.com.br,Sittax123.
test.agilizza.594@sittax.com.br,Sittax123.
test.agilizza.595@sittax.com.br,Sittax123.
test.agilizza.596@sittax.com.br,Sittax123.
test.agilizza.597@sittax.com.br,Sittax123.
test.agilizza.598@sittax.com.br,Sittax123.
test.agilizza.599@sittax.com.br,Sittax123.
test.agilizza.600@sittax.com.br,Sittax123.
test.agilizza.601@sittax.com.br,Sittax123.
test.agilizza.602@sittax.com.br,Sittax123.
test.agilizza.603@sittax.com.br,Sittax123.
test.agilizza.604@sittax.com.br,Sittax123.
test.agilizza.605@sittax.com.br,Sittax123.
test.agilizza.606@sittax.com.br,Sittax123.
test.agilizza.607@sittax.com.br,Sittax123.
test.agilizza.608@sittax.com.br,Sittax123.
test.agilizza.609@sittax.com.br,Sittax123.
test.agilizza.610@sittax.com.br,Sittax123.
test.agilizza.611@sittax.com.br,Sittax123.
test.agilizza.612@sittax.com.br,Sittax123.
test.agilizza.613@sittax.com.br,Sittax123.
test.agilizza.614@sittax.com.br,Sittax123.
test.agilizza.615@sittax.com.br,Sittax123.
test.agilizza.616@sittax.com.br,Sittax123.
test.agilizza.617@sittax.com.br,Sittax123.
test.agilizza.618@sittax.com.br,Sittax123.
test.agilizza.619@sittax.com.br,Sittax123.
test.agilizza.620@sittax.com.br,Sittax123.
test.agilizza.621@sittax.com.br,Sittax123.
test.agilizza.622@sittax.com.br,Sittax123.
test.agilizza.623@sittax.com.br,Sittax123.
test.agilizza.624@sittax.com.br,Sittax123.
test.agilizza.625@sittax.com.br,Sittax123.
test.agilizza.626@sittax.com.br,Sittax123.
test.agilizza.627@sittax.com.br,Sittax123.
test.agilizza.628@sittax.com.br,Sittax123.
test.agilizza.629@sittax.com.br,Sittax123.
test.agilizza.630@sittax.com.br,Sittax123.
test.agilizza.631@sittax.com.br,Sittax123.
test.agilizza.632@sittax.com.br,Sittax123.
test.agilizza.633@sittax.com.br,Sittax123.
test.agilizza.634@sittax.com.br,Sittax123.
test.agilizza.635@sittax.com.br,Sittax123.
test.agilizza.636@sittax.com.br,Sittax123.
test.agilizza.637@sittax.com.br,Sittax123.
test.agilizza.638@sittax.com.br,Sittax123.
test.agilizza.639@sittax.com.br,Sittax123.
test.agilizza.640@sittax.com.br,Sittax123.
test.agilizza.641@sittax.com.br,Sittax123.
test.agilizza.642@sittax.com.br,Sittax123.
test.agilizza.643@sittax.com.br,Sittax123.
test.agilizza.644@sittax.com.br,Sittax123.
test.agilizza.645@sittax.com.br,Sittax123.
test.agilizza.646@sittax.com.br,Sittax123.
test.agilizza.647@sittax.com.br,Sittax123.
test.agilizza.648@sittax.com.br,Sittax123.
test.agilizza.649@sittax.com.br,Sittax123.
test.agilizza.650@sittax.com.br,Sittax123.
test.agilizza.651@sittax.com.br,Sittax123.
test.agilizza.652@sittax.com.br,Sittax123.
test.agilizza.653@sittax.com.br,Sittax123.
test.agilizza.654@sittax.com.br,Sittax123.
test.agilizza.655@sittax.com.br,Sittax123.
test.agilizza.656@sittax.com.br,Sittax123.
test.agilizza.657@sittax.com.br,Sittax123.
test.agilizza.658@sittax.com.br,Sittax123.
test.agilizza.659@sittax.com.br,Sittax123.
test.agilizza.660@sittax.com.br,Sittax123.
test.agilizza.661@sittax.com.br,Sittax123.
test.agilizza.662@sittax.com.br,Sittax123.
test.agilizza.663@sittax.com.br,Sittax123.
test.agilizza.664@sittax.com.br,Sittax123.
test.agilizza.665@sittax.com.br,Sittax123.
test.agilizza.666@sittax.com.br,Sittax123.
test.agilizza.667@sittax.com.br,Sittax123.
test.agilizza.668@sittax.com.br,Sittax123.
test.agilizza.669@sittax.com.br,Sittax123.
test.agilizza.670@sittax.com.br,Sittax123.
test.agilizza.671@sittax.com.br,Sittax123.
test.agilizza.672@sittax.com.br,Sittax123.
test.agilizza.673@sittax.com.br,Sittax123.
test.agilizza.674@sittax.com.br,Sittax123.
test.agilizza.675@sittax.com.br,Sittax123.
test.agilizza.676@sittax.com.br,Sittax123.
test.agilizza.677@sittax.com.br,Sittax123.
test.agilizza.678@sittax.com.br,Sittax123.
test.agilizza.679@sittax.com.br,Sittax123.
test.agilizza.680@sittax.com.br,Sittax123.
test.agilizza.681@sittax.com.br,Sittax123.
test.agilizza.682@sittax.com.br,Sittax123.
test.agilizza.683@sittax.com.br,Sittax123.
test.agilizza.684@sittax.com.br,Sittax123.
test.agilizza.685@sittax.com.br,Sittax123.
test.agilizza.686@sittax.com.br,Sittax123.
test.agilizza.687@sittax.com.br,Sittax123.
test.agilizza.688@sittax.com.br,Sittax123.
test.agilizza.689@sittax.com.br,Sittax123.
test.agilizza.690@sittax.com.br,Sittax123.
test.agilizza.691@sittax.com.br,Sittax123.
test.agilizza.692@sittax.com.br,Sittax123.
test.agilizza.693@sittax.com.br,Sittax123.
test.agilizza.694@sittax.com.br,Sittax123.
test.agilizza.695@sittax.com.br,Sittax123.
test.agilizza.696@sittax.com.br,Sittax123.
test.agilizza.697@sittax.com.br,Sittax123.
test.agilizza.698@sittax.com.br,Sittax123.
test.agilizza.699@sittax.com.br,Sittax123.
test.agilizza.700@sittax.com.br,Sittax123.
test.agilizza.701@sittax.com.br,Sittax123.
test.agilizza.702@sittax.com.br,Sittax123.
test.agilizza.703@sittax.com.br,Sittax123.
test.agilizza.704@sittax.com.br,Sittax123.
test.agilizza.705@sittax.com.br,Sittax123.
test.agilizza.706@sittax.com.br,Sittax123.
test.agilizza.707@sittax.com.br,Sittax123.
test.agilizza.708@sittax.com.br,Sittax123.
test.agilizza.709@sittax.com.br,Sittax123.
test.agilizza.710@sittax.com.br,Sittax123.
test.agilizza.711@sittax.com.br,Sittax123.
test.agilizza.712@sittax.com.br,Sittax123.
test.agilizza.713@sittax.com.br,Sittax123.
test.agilizza.714@sittax.com.br,Sittax123.
test.agilizza.715@sittax.com.br,Sittax123.
test.agilizza.716@sittax.com.br,Sittax123.
test.agilizza.717@sittax.com.br,Sittax123.
test.agilizza.718@sittax.com.br,Sittax123.
test.agilizza.719@sittax.com.br,Sittax123.
test.agilizza.720@sittax.com.br,Sittax123.
test.agilizza.721@sittax.com.br,Sittax123.
test.agilizza.722@sittax.com.br,Sittax123.
test.agilizza.723@sittax.com.br,Sittax123.
test.agilizza.724@sittax.com.br,Sittax123.
test.agilizza.725@sittax.com.br,Sittax123.
test.agilizza.726@sittax.com.br,Sittax123.
test.agilizza.727@sittax.com.br,Sittax123.
test.agilizza.728@sittax.com.br,Sittax123.
test.agilizza.729@sittax.com.br,Sittax123.
test.agilizza.730@sittax.com.br,Sittax123.
test.agilizza.731@sittax.com.br,Sittax123.
test.agilizza.732@sittax.com.br,Sittax123.
test.agilizza.733@sittax.com.br,Sittax123.
test.agilizza.734@sittax.com.br,Sittax123.
test.agilizza.735@sittax.com.br,Sittax123.
test.agilizza.736@sittax.com.br,Sittax123.
test.agilizza.737@sittax.com.br,Sittax123.
test.agilizza.738@sittax.com.br,Sittax123.
test.agilizza.739@sittax.com.br,Sittax123.
test.agilizza.740@sittax.com.br,Sittax123.
test.agilizza.741@sittax.com.br,Sittax123.
test.agilizza.742@sittax.com.br,Sittax123.
test.agilizza.743@sittax.com.br,Sittax123.
test.agilizza.744@sittax.com.br,Sittax123.
test.agilizza.745@sittax.com.br,Sittax123.
test.agilizza.746@sittax.com.br,Sittax123.
test.agilizza.747@sittax.com.br,Sittax123.
test.agilizza.748@sittax.com.br,Sittax123.
test.agilizza.749@sittax.com.br,Sittax123.
test.agilizza.750@sittax.com.br,Sittax123.
test.agilizza.751@sittax.com.br,Sittax123.
test.agilizza.752@sittax.com.br,Sittax123.
test.agilizza.753@sittax.com.br,Sittax123.
test.agilizza.754@sittax.com.br,Sittax123.
test.agilizza.755@sittax.com.br,Sittax123.
test.agilizza.756@sittax.com.br,Sittax123.
test.agilizza.757@sittax.com.br,Sittax123.
test.agilizza.758@sittax.com.br,Sittax123.
test.agilizza.759@sittax.com.br,Sittax123.
test.agilizza.760@sittax.com.br,Sittax123.
test.agilizza.761@sittax.com.br,Sittax123.
test.agilizza.762@sittax.com.br,Sittax123.
test.agilizza.763@sittax.com.br,Sittax123.
test.agilizza.764@sittax.com.br,Sittax123.
test.agilizza.765@sittax.com.br,Sittax123.
test.agilizza.766@sittax.com.br,Sittax123.
test.agilizza.767@sittax.com.br,Sittax123.
test.agilizza.768@sittax.com.br,Sittax123.
test.agilizza.769@sittax.com.br,Sittax123.
test.agilizza.770@sittax.com.br,Sittax123.
test.agilizza.771@sittax.com.br,Sittax123.
test.agilizza.772@sittax.com.br,Sittax123.
test.agilizza.773@sittax.com.br,Sittax123.
test.agilizza.774@sittax.com.br,Sittax123.
test.agilizza.775@sittax.com.br,Sittax123.
test.agilizza.776@sittax.com.br,Sittax123.
test.agilizza.777@sittax.com.br,Sittax123.
test.agilizza.778@sittax.com.br,Sittax123.
test.agilizza.779@sittax.com.br,Sittax123.
test.agilizza.780@sittax.com.br,Sittax123.
test.agilizza.781@sittax.com.br,Sittax123.
test.agilizza.782@sittax.com.br,Sittax123.
test.agilizza.783@sittax.com.br,Sittax123.
test.agilizza.784@sittax.com.br,Sittax123.
test.agilizza.785@sittax.com.br,Sittax123.
test.agilizza.786@sittax.com.br,Sittax123.
test.agilizza.787@sittax.com.br,Sittax123.
test.agilizza.788@sittax.com.br,Sittax123.
test.agilizza.789@sittax.com.br,Sittax123.
test.agilizza.790@sittax.com.br,Sittax123.
test.agilizza.791@sittax.com.br,Sittax123.
test.agilizza.792@sittax.com.br,Sittax123.
test.agilizza.793@sittax.com.br,Sittax123.
test.agilizza.794@sittax.com.br,Sittax123.
test.agilizza.795@sittax.com.br,Sittax123.
test.agilizza.796@sittax.com.br,Sittax123.
test.agilizza.797@sittax.com.br,Sittax123.
test.agilizza.798@sittax.com.br,Sittax123.
test.agilizza.799@sittax.com.br,Sittax123.
test.agilizza.800@sittax.com.br,Sittax123.
test.agilizza.801@sittax.com.br,Sittax123.
test.agilizza.802@sittax.com.br,Sittax123.
test.agilizza.803@sittax.com.br,Sittax123.
test.agilizza.804@sittax.com.br,Sittax123.
test.agilizza.805@sittax.com.br,Sittax123.
test.agilizza.806@sittax.com.br,Sittax123.
test.agilizza.807@sittax.com.br,Sittax123.
test.agilizza.808@sittax.com.br,Sittax123.
test.agilizza.809@sittax.com.br,Sittax123.
test.agilizza.810@sittax.com.br,Sittax123.
test.agilizza.811@sittax.com.br,Sittax123.
test.agilizza.812@sittax.com.br,Sittax123.
test.agilizza.813@sittax.com.br,Sittax123.
test.agilizza.814@sittax.com.br,Sittax123.
test.agilizza.815@sittax.com.br,Sittax123.
test.agilizza.816@sittax.com.br,Sittax123.
test.agilizza.817@sittax.com.br,Sittax123.
test.agilizza.818@sittax.com.br,Sittax123.
test.agilizza.819@sittax.com.br,Sittax123.
test.agilizza.820@sittax.com.br,Sittax123.
test.agilizza.821@sittax.com.br,Sittax123.
test.agilizza.822@sittax.com.br,Sittax123.
test.agilizza.823@sittax.com.br,Sittax123.
test.agilizza.824@sittax.com.br,Sittax123.
test.agilizza.825@sittax.com.br,Sittax123.
test.agilizza.826@sittax.com.br,Sittax123.
test.agilizza.827@sittax.com.br,Sittax123.
test.agilizza.828@sittax.com.br,Sittax123.
test.agilizza.829@sittax.com.br,Sittax123.
test.agilizza.830@sittax.com.br,Sittax123.
test.agilizza.831@sittax.com.br,Sittax123.
test.agilizza.832@sittax.com.br,Sittax123.
test.agilizza.833@sittax.com.br,Sittax123.
test.agilizza.834@sittax.com.br,Sittax123.
test.agilizza.835@sittax.com.br,Sittax123.
test.agilizza.836@sittax.com.br,Sittax123.
test.agilizza.837@sittax.com.br,Sittax123.
test.agilizza.838@sittax.com.br,Sittax123.
test.agilizza.839@sittax.com.br,Sittax123.
test.agilizza.840@sittax.com.br,Sittax123.
test.agilizza.841@sittax.com.br,Sittax123.
test.agilizza.842@sittax.com.br,Sittax123.
test.agilizza.843@sittax.com.br,Sittax123.
test.agilizza.844@sittax.com.br,Sittax123.
test.agilizza.845@sittax.com.br,Sittax123.
test.agilizza.846@sittax.com.br,Sittax123.
test.agilizza.847@sittax.com.br,Sittax123.
test.agilizza.848@sittax.com.br,Sittax123.
test.agilizza.849@sittax.com.br,Sittax123.
test.agilizza.850@sittax.com.br,Sittax123.
test.agilizza.851@sittax.com.br,Sittax123.
test.agilizza.852@sittax.com.br,Sittax123.
test.agilizza.853@sittax.com.br,Sittax123.
test.agilizza.854@sittax.com.br,Sittax123.
test.agilizza.855@sittax.com.br,Sittax123.
test.agilizza.856@sittax.com.br,Sittax123.
test.agilizza.857@sittax.com.br,Sittax123.
test.agilizza.858@sittax.com.br,Sittax123.
test.agilizza.859@sittax.com.br,Sittax123.
test.agilizza.860@sittax.com.br,Sittax123.
test.agilizza.861@sittax.com.br,Sittax123.
test.agilizza.862@sittax.com.br,Sittax123.
test.agilizza.863@sittax.com.br,Sittax123.
test.agilizza.864@sittax.com.br,Sittax123.
test.agilizza.865@sittax.com.br,Sittax123.
test.agilizza.866@sittax.com.br,Sittax123.
test.agilizza.867@sittax.com.br,Sittax123.
test.agilizza.868@sittax.com.br,Sittax123.
test.agilizza.869@sittax.com.br,Sittax123.
test.agilizza.870@sittax.com.br,Sittax123.
test.agilizza.871@sittax.com.br,Sittax123.
test.agilizza.872@sittax.com.br,Sittax123.
test.agilizza.873@sittax.com.br,Sittax123.
test.agilizza.874@sittax.com.br,Sittax123.
test.agilizza.875@sittax.com.br,Sittax123.
test.agilizza.876@sittax.com.br,Sittax123.
test.agilizza.877@sittax.com.br,Sittax123.
test.agilizza.878@sittax.com.br,Sittax123.
test.agilizza.879@sittax.com.br,Sittax123.
test.agilizza.880@sittax.com.br,Sittax123.
test.agilizza.881@sittax.com.br,Sittax123.
test.agilizza.882@sittax.com.br,Sittax123.
test.agilizza.883@sittax.com.br,Sittax123.
test.agilizza.884@sittax.com.br,Sittax123.
test.agilizza.885@sittax.com.br,Sittax123.
test.agilizza.886@sittax.com.br,Sittax123.
test.agilizza.887@sittax.com.br,Sittax123.
test.agilizza.888@sittax.com.br,Sittax123.
test.agilizza.889@sittax.com.br,Sittax123.
test.agilizza.890@sittax.com.br,Sittax123.
test.agilizza.891@sittax.com.br,Sittax123.
test.agilizza.892@sittax.com.br,Sittax123.
test.agilizza.893@sittax.com.br,Sittax123.
test.agilizza.894@sittax.com.br,Sittax123.
test.agilizza.895@sittax.com.br,Sittax123.
test.agilizza.896@sittax.com.br,Sittax123.
test.agilizza.897@sittax.com.br,Sittax123.
test.agilizza.898@sittax.com.br,Sittax123.
test.agilizza.899@sittax.com.br,Sittax123.
test.agilizza.900@sittax.com.br,Sittax123.
test.agilizza.901@sittax.com.br,Sittax123.
test.agilizza.902@sittax.com.br,Sittax123.
test.agilizza.903@sittax.com.br,Sittax123.
test.agilizza.904@sittax.com.br,Sittax123.
test.agilizza.905@sittax.com.br,Sittax123.
test.agilizza.906@sittax.com.br,Sittax123.
test.agilizza.907@sittax.com.br,Sittax123.
test.agilizza.908@sittax.com.br,Sittax123.
test.agilizza.909@sittax.com.br,Sittax123.
test.agilizza.910@sittax.com.br,Sittax123.
test.agilizza.911@sittax.com.br,Sittax123.
test.agilizza.912@sittax.com.br,Sittax123.
test.agilizza.913@sittax.com.br,Sittax123.
test.agilizza.914@sittax.com.br,Sittax123.
test.agilizza.915@sittax.com.br,Sittax123.
test.agilizza.916@sittax.com.br,Sittax123.
test.agilizza.917@sittax.com.br,Sittax123.
test.agilizza.918@sittax.com.br,Sittax123.
test.agilizza.919@sittax.com.br,Sittax123.
test.agilizza.920@sittax.com.br,Sittax123.
test.agilizza.921@sittax.com.br,Sittax123.
test.agilizza.922@sittax.com.br,Sittax123.
test.agilizza.923@sittax.com.br,Sittax123.
test.agilizza.924@sittax.com.br,Sittax123.
test.agilizza.925@sittax.com.br,Sittax123.
test.agilizza.926@sittax.com.br,Sittax123.
test.agilizza.927@sittax.com.br,Sittax123.
test.agilizza.928@sittax.com.br,Sittax123.
test.agilizza.929@sittax.com.br,Sittax123.
test.agilizza.930@sittax.com.br,Sittax123.
test.agilizza.931@sittax.com.br,Sittax123.
test.agilizza.932@sittax.com.br,Sittax123.
test.agilizza.933@sittax.com.br,Sittax123.
test.agilizza.934@sittax.com.br,Sittax123.
test.agilizza.935@sittax.com.br,Sittax123.
test.agilizza.936@sittax.com.br,Sittax123.
test.agilizza.937@sittax.com.br,Sittax123.
test.agilizza.938@sittax.com.br,Sittax123.
test.agilizza.939@sittax.com.br,Sittax123.
test.agilizza.940@sittax.com.br,Sittax123.
test.agilizza.941@sittax.com.br,Sittax123.
test.agilizza.942@sittax.com.br,Sittax123.
test.agilizza.943@sittax.com.br,Sittax123.
test.agilizza.944@sittax.com.br,Sittax123.
test.agilizza.945@sittax.com.br,Sittax123.
test.agilizza.946@sittax.com.br,Sittax123.
test.agilizza.947@sittax.com.br,Sittax123.
test.agilizza.948@sittax.com.br,Sittax123.
test.agilizza.949@sittax.com.br,Sittax123.
test.agilizza.950@sittax.com.br,Sittax123.
test.agilizza.951@sittax.com.br,Sittax123.
test.agilizza.952@sittax.com.br,Sittax123.
test.agilizza.953@sittax.com.br,Sittax123.
test.agilizza.954@sittax.com.br,Sittax123.
test.agilizza.955@sittax.com.br,Sittax123.
test.agilizza.956@sittax.com.br,Sittax123.
test.agilizza.957@sittax.com.br,Sittax123.
test.agilizza.958@sittax.com.br,Sittax123.
test.agilizza.959@sittax.com.br,Sittax123.
test.agilizza.960@sittax.com.br,Sittax123.
test.agilizza.961@sittax.com.br,Sittax123.
test.agilizza.962@sittax.com.br,Sittax123.
test.agilizza.963@sittax.com.br,Sittax123.
test.agilizza.964@sittax.com.br,Sittax123.
test.agilizza.965@sittax.com.br,Sittax123.
test.agilizza.966@sittax.com.br,Sittax123.
test.agilizza.967@sittax.com.br,Sittax123.
test.agilizza.968@sittax.com.br,Sittax123.
test.agilizza.969@sittax.com.br,Sittax123.
test.agilizza.970@sittax.com.br,Sittax123.
test.agilizza.971@sittax.com.br,Sittax123.
test.agilizza.972@sittax.com.br,Sittax123.
test.agilizza.973@sittax.com.br,Sittax123.
test.agilizza.974@sittax.com.br,Sittax123.
test.agilizza.975@sittax.com.br,Sittax123.
test.agilizza.976@sittax.com.br,Sittax123.
test.agilizza.977@sittax.com.br,Sittax123.
test.agilizza.978@sittax.com.br,Sittax123.
test.agilizza.979@sittax.com.br,Sittax123.
test.agilizza.980@sittax.com.br,Sittax123.
test.agilizza.981@sittax.com.br,Sittax123.
test.agilizza.982@sittax.com.br,Sittax123.
test.agilizza.983@sittax.com.br,Sittax123.
test.agilizza.984@sittax.com.br,Sittax123.
test.agilizza.985@sittax.com.br,Sittax123.
test.agilizza.986@sittax.com.br,Sittax123.
test.agilizza.987@sittax.com.br,Sittax123.
test.agilizza.988@sittax.com.br,Sittax123.
test.agilizza.989@sittax.com.br,Sittax123.
test.agilizza.990@sittax.com.br,Sittax123.
test.agilizza.991@sittax.com.br,Sittax123.
test.agilizza.992@sittax.com.br,Sittax123.
test.agilizza.993@sittax.com.br,Sittax123.
test.agilizza.994@sittax.com.br,Sittax123.
test.agilizza.995@sittax.com.br,Sittax123.
test.agilizza.996@sittax.com.br,Sittax123.
test.agilizza.997@sittax.com.br,Sittax123.
test.agilizza.998@sittax.com.br,Sittax123.
test.agilizza.999@sittax.com.br,Sittax123.
test.agilizza.1000@sittax.com.br,Sittax123.
